word,part_of_speech,meaning,example,phonetic_symbol,audio_link
attribute,noun;;,特性；特质；属性;;,Organizational ability is an essential attribute for a good manager.;;组织能力是一个优秀经理必备的素质。;;,/ˈæt.rɪ.bjuːt/,https://dictionary.cambridge.org/media/english-chinese-simplified/uk_pron/u/uka/ukatt/ukatten017.mp3
auditorium,noun;;,（剧院等的）听众席，观众席;;剧院;礼堂;音乐厅;;,No smoking in the auditorium.;;观众席中禁止吸烟。;;,/ˌɔː.dɪˈtɔː.ri.əm/,https://dictionary.cambridge.org/media/english-chinese-simplified/uk_pron/u/uka/ukaud/ukaudac011.mp3
authority,noun;;,权威人士;专家;泰斗;;威信；权力；管辖权;;当局；官方；当权者;;官方;当局;;,The United Nations has used/exerted/exercised its authority to restore peace in the area.;;联合国行使其权力以恢复该地区的和平。;;We need to get the support of someone in authority (= an important or high-ranking person).;;我们需要得到一个有实权的人的支持。;;They've been acting illegally and without authority (= permission) from the council.;;他们的行动都是非法的，且没有得到市政委员会的授权。;;I'll give my lawyers authority (= permission) to act on my behalf.;;我将授权我的律师代表我行事。;;He has no authority over (= ability to control) his students.;;他在学生面前没有威信。;;She spoke with authority (= as if she was in control or had special knowledge).;;她说话时一副权威的口吻。;;the health authority;;卫生当局;;the local housing authority;;当地住房管理机构;;I'm going to report these potholes to the authorities.;;这条路路面坑坑洼洼，我要把这一情况报告给有关部门。;;She's a world authority on 19th-century Irish history.;;她是19世纪爱尔兰历史方面的国际权威。;;,/ɔːˈθɒr.ə.ti/,https://dictionary.cambridge.org/media/english-chinese-simplified/uk_pron/u/uka/ukaur/ukauror027.mp3
available,adjective;;,可获得的；可用的;;可取得联系的；有空的;;,Is this dress available in a larger size?;;这件衣服有大一号的吗？;;Our autumn catalogue is now available from our usual stockists.;;秋季商品目录现已推出，请到我们公司零售处索取。;;There's no money available for an office party this year.;;今年没有钱举办办公室聚会了。;;It is vital that food is made available to the famine areas.;;一定要把食品送到遭受饥荒的地区，这是至关重要的。;;Do you have any double rooms available this weekend?;;你们旅馆本周末有没有双人间？;;I'm afraid I'm not available to help with the show on the 19th.;;19号的演出恐怕我没有时间来帮忙了。;;Every available officer will be assigned to the investigation.;;每一名可以调用的警官都将会被派去进行调查。;;,/əˈveɪ.lə.bəl/,https://dictionary.cambridge.org/media/english-chinese-simplified/uk_pron/u/uka/ukaut/ukauton014.mp3
award,verb;;noun;;,奖；奖项；奖金；奖品;;给予，授予;判给，裁定;;,"Carlos was awarded first prize in the essay competition.;;卡洛斯被授予短文写作竞赛一等奖。;;The jury awarded libel damages of £100,000.;;陪审团作出裁定，判给受害人名誉损害赔偿金10万英镑。;;The university has awarded her a $500 travel grant.;;该大学发给她500美元的旅行补助。;;They have authorized awards of £900 to each of the victims.;;他们判给每一个受害者900英镑赔偿金。;;the Academy Award for Best Director;;奥斯卡最佳导演奖;;",/əˈwɔːd/,https://dictionary.cambridge.org/media/english-chinese-simplified/uk_pron/u/uka/ukavi/ukaviat024.mp3
back,adverb;;noun;;verb;;adjective;;,支持;资助;;后面；后部；背面;;在原处；回到原处；恢复原状；返回；回到以前;;作为回报;;作为回答;;向后；远离;;背靠背;;后面的，后部的，背部的;;一个接一个;;前后倒置;;手背;;背部，后背;;（足球等运动的）后卫球员;;下赌注于;;（使）后退；使倒退;;给某物加背衬使其更加坚固或厚实;;延迟的，拖欠的;;,"When you take the scissors, remember to put them back.;;剪刀用完后记着要放回去。;;He left a note saying ""Gone out. Back soon."";;他留了张便条，上面写着“出去一下，马上回来”。;;She went to Brazil for two years, but now she's back (= has returned).;;她去巴西呆了两年，现在回来了。;;He looked back (= looked behind him) and saw they were following him.;;他向后看了看，发现他们正跟着他。;;Looking at her old photographs brought back (= made her remember) a lot of memories.;;看着以前的照片，她想起了许多往事。;;I was woken by a thunderstorm, and I couldn't get back to sleep (= could not sleep again).;;我被雷雨惊醒后，再也无法入睡。;;The last time we saw Lowell was back (= at an earlier time) in January.;;我们最后一次见到洛厄尔是早在1月的时候。;;This tradition dates back to (= to the earlier time of) the 16th century.;;这个传统可追溯到16世纪。;;If he hits me, I'll hit him back.;;如果他打我，我就要还手。;;You're not just going to let her say those things about you without fighting back, are you?;;她那样说你，你不会就此算了吧？;;I'm busy at the moment - can I call you back?;;我现在很忙——我回头给你打过去好吗？;;I wrote to Donna several months ago, but she hasn't written back yet.;;我几个月前给唐娜写过信，但她还没有回信。;;If we push the table back against the wall, we'll have more room.;;如果把桌子往后推，靠着墙，就会腾出更多的空间。;;""Keep back!"" he shouted, ""Don't come any closer!"";;“退后！”他大叫着，“不要再靠近了！”;;He sat back on the sofa.;;他向后靠坐在沙发上。;;She threw back her head and laughed uproariously.;;她仰起头，大笑不止。;;The house is set back from the street.;;那座房子远离公路。;;He jotted her name down on the back of an envelope.;;他在信封背面匆匆记下了她的名字。;;I found my tennis racket at the back of the cupboard.;;我在衣柜的最里边找到了我的网球拍。;;We sat at the back of the bus.;;我们坐在公共汽车的后部。;;Our seats were right at the back of the auditorium.;;我们的座位正好就在剧院的后排。;;Ted was out/round the back (= in the area behind the house)."";;特德在屋后。;;There is a beautiful garden at the back of (= behind) the house.;;房后有个漂亮的花园。;;If there's no reply at the front door, come round the back.;;如果前门没人应答，就去后门。;;He put his jacket on the back of his chair (= the part of the chair that you put your back against when you sit on it).;;他把夹克搭在椅背上。;;The office was full of computers, and we had to sit back to back in long rows.;;办公室里摆满了电脑，我们只好背靠背坐着，排成长排。;;Coming up after the break, three Rolling Stones classics back to back.;;短暂休息过后，接下来是3首滚石乐队经典歌曲连放。;;You've put your jumper on back to front.;;你的套头衫前后穿反了。;;I have a bad back.;;我背疼。;;Sleeping on a bed that is too soft can be bad for your back.;;睡太软的床会对背部有害。;;He lay on his back, staring at the ceiling.;;他仰面躺着，眼睛盯着天花板。;;I turned my back (= turned around so that I could not see) while she dressed.;;她穿衣服时我转过身去。;;She put her back out (= caused a serious injury to her back) lifting a box.;;她搬箱子时背部严重扭伤。;;The management has refused to back our proposals.;;管理层拒不支持我们的提议。;;The horse I backed came in last.;;我投注的那匹马得了最后一名。;;Ann gave up driving when she backed the car into the garage door.;;安倒车时撞上了车库大门，于是她从此再也不开车了。;;Please could you back your car up a few feet so that I can get mine out of the driveway?;;请你把车往后倒几英尺让我把车开出车道，好吗？;;The material is backed with a heavy lining.;;这种料子的里衬很厚实。;;She left the house by the back door.;;她从后门离开了那座房子。;;The back seat of the car folds down.;;小汽车的后座可以折起来。;;They owe the staff several thousand in back pay.;;他们拖欠了员工几千镑工资。;;back rent/taxes;;预期未交的房租/税款;;",/bæk/,https://dictionary.cambridge.org/media/english-chinese-simplified/uk_pron/u/uka/ukazt/ukazt__024.mp3
batch,noun;;,一批，一组;;一届学生;;,The cook brought in a fresh batch of homemade cupcakes.;;那位厨师带来了一炉刚刚烤好的自制蛋糕。;;We looked at the job applications in two batches.;;我们把那些求职申请分两批浏览了一遍。;;,/bætʃ/,https://dictionary.cambridge.org/media/english-chinese-simplified/uk_pron/u/ukb/ukbat/ukbatch001.mp3
battery,noun;;adjective;;,电池;;一组，一套，一连串（同类事物）;;炮组，排炮;;暴力行为，殴打;;层架式养鸡的;;,a rechargeable battery;;充电电池;;a battery-operated hairdryer;;电池式吹风机;;This alarm clock takes two medium-sized batteries.;;这个闹钟需要装两节中号电池。;;I think the battery isdead/flat (= has lost its power).;;我认为电池用完了。;;In the kitchen an impressive battery of stainless steel utensils hangs on the wall.;;厨房的墙面上挂着一套不锈钢炊具，非常显眼。;;The shore battery opened fire.;;岸边的炮阵开火了。;;battery farming;;层架式家禽饲养法;;battery hens/eggs;;在层架式鸡笼里饲养的母鸡/产出的鸡蛋;;,/ˈbæt.ər.i/,https://dictionary.cambridge.org/media/english-chinese-simplified/uk_pron/u/ukb/ukbat/ukbatch024.mp3
beam,noun;;verb;;,辐射;发光;闪光;发射电波;播送;;（定向发出的）射束，粒子流;;高兴的微笑，眉开眼笑;;光线;光束;光柱;;（尤指支撑建筑物或其他结构的）梁，桁架，栋梁;;（女子体操运动中的）平衡木;;,"We could just pick out the trail in the weak beam of the flashlight.;;我们借着手电筒微弱的光仅能勉强认清路。;;The rabbit stopped, mesmerized by the beam of the car's headlights.;;兔子被汽车前灯射出的光束迷住了眼，停了下来。;;a laser beam;;激光束;;an electron beam;;电子波;;The sitting room had exposed wooden beams.;;客厅顶上有裸露的木梁。;;She beamed with delight/pleasure at his remarks.;;听完他的话她高兴得眉开眼笑。;;The child beamed at his teacher as he received the award.;;那个孩子在领奖时对他的老师报以微笑。;;""I'm so pleased to see you,"" he beamed (= said as he smiled).;;“见到你很高兴，”他微笑着说。;;The sun beamed (= shone brightly) down on the boat as it drifted along.;;阳光照在缓缓漂动的船上。;;The concert was beamed (= broadcast) by satellite all over the world.;;音乐会经卫星播送到世界各地。;;",/biːm/,https://dictionary.cambridge.org/media/english-chinese-simplified/uk_pron/u/ukb/ukbat/ukbattl030.mp3
bear,verb;;noun;;,具有，带有;;忍受;容忍;经受;承担;;负载，负担，负荷;;生（孩子）;结（果实）;开（花）;;熊;;（糟糕或可怕得）不敢想象;;携带;运送;;转向;;见证，作证;;证明;;撒谎;;（年龄较大、身材魁梧且多毛的）同性恋男人;;（股市中）做空头者;（对行情）看跌的人;;,"The strain must have been enormous but she bore it well.;;当时压力一定很大，但她挺过来了。;;Tell me now! I can't bear the suspense!;;现在告诉我吧！我等不及了！;;It's your decision - you have to bear the responsibility if things go wrong.;;是你作出的决定——如果出了差错你必须承担责任。;;He couldn't bear to see the dog in pain.;;他不忍看见狗那么痛苦。;;I can't bear being bored.;;我受不了闲极无聊的日子。;;""What if she'd been driving faster?"" ""It doesn't bear thinking about."";;“假如她车开得再快一点儿会怎么样？”“简直不敢想象。”;;Their baby bears a strong resemblance to its grandfather.;;他们的宝宝长得非常像他爷爷。;;The stone plaque bearing his name was smashed to pieces.;;上面刻有他名字的石匾被砸得粉碎。;;On display were boxing gloves that bore Rocky Marciano's signature.;;展品中有洛基·马西亚诺签过名的拳击手套。;;I don't bear them any ill feeling (= I do not continue to be angry with or dislike them).;;我并不怨恨他们。;;Thank you for your advice - I'll bear it in mind (= I will remember and consider it).;;谢谢你的忠告，我会谨记在心的。;;The chair, too fragile to bear her weight, collapsed.;;椅子太不结实了，她一坐上去就散架了。;;She had borne six children by the time she was 30.;;她到30岁时已经生了6个孩子。;;When his wife bore him a child he could not hide his delight.;;当妻子生了个小孩时，他掩饰不住内心的喜悦。;;Most animals bear their young in the spring.;;大多数动物都在春天产崽儿。;;The pear tree they planted has never borne fruit.;;他们种的梨树从来没有结过梨。;;At Christmas the family all arrive at the house bearing gifts.;;圣诞节时，全家人带着礼物来到那幢房子。;;Countless waiters bore trays of drinks into the room.;;许多服务员端着一盘盘饮料进入房间。;;The sound of the ice cream van was borne into the office on the wind.;;冰激凌车的叮当声随风飘进了办公室。;;The path followed the coastline for several miles, then bore inland.;;这条小路沿着海岸线延伸了几英里，然后转向内陆。;;After you go past the church keep bearing left/right.;;经过教堂后，继续向左／右。;;She bore witness to his patience and diligence.;;她亲眼见证了他的耐心和勤奋。;;The iron bridge bears testimony to the skills developed in that era.;;这座铁桥证明了那个时代的技术发展水平。;;a brown/black bear;;棕熊／黑熊;;a bear cub (= young bear);;幼熊;;",/beər/,https://dictionary.cambridge.org/media/english-chinese-simplified/uk_pron/u/ukb/ukban/ukbanqu030.mp3
behave,verb;;,（以某种方式）行事，表现;;（在某种环境或条件下）做出特定行为;;听话；举止端正;;,"She always behaves well/badly when her aunts come to visit.;;每当她姨妈来作客时，她总是表现很好／很差。;;Whenever there was a full moon he would start behaving strangely.;;每当月圆之时他就行为怪异。;;They behaved as if nothing had happened.;;他们表现得好像什么也没有发生过一样。;;They learn how particles behave in solids, liquids, and gases.;;他们了解到粒子在固体、液体和气体中如何运动。;;It is believed that animals behave differently before a natural disaster.;;据信动物在自然灾害发生之前会行动异常。;;Did the children behave (themselves)?;;孩子们守规矩吗？;;",/bɪˈheɪv/,https://dictionary.cambridge.org/media/english-chinese-simplified/uk_pron/u/ukb/ukbeg/ukbegui006.mp3
bend,verb;;noun;;,弯曲处;;（使）弯曲;;弯腰;;单腿跪地;;（足球比赛中的）弧线球，香蕉球;;潜函病，减压病;;,"The road bends to the left after the traffic lights.;;过了第一个红绿灯后道路弯向左侧。;;I bent down and picked up the coins lying on the road.;;我弯腰捡起路上的硬币。;;Now, bend forward/over and touch your toes!;;现在，向前弯腰触摸脚趾。;;Make sure you bend your knees when you're picking up heavy objects.;;提重物时一定要屈膝。;;After her fall she complained that she couldn't bend her leg properly.;;摔了一跤之后，她说她的腿不能正常弯曲了。;;He went down on bended knee to ask her to marry him.;;他单腿跪地向她求婚。;;There's a bend in the pipe so you can't see from one end to the other.;;管子是弯的，所以你无法从一头看到另一头。;;The car came around the bend on the wrong side of the road.;;汽车在拐弯时驶错了方向。;;Good players can put bend on the ball.;;好的运动员能够踢出弧线球。;;",/bend/,https://dictionary.cambridge.org/media/english-chinese-simplified/uk_pron/u/ukb/ukbel/ukbelly015.mp3
bilingual,adjective;;,能用两种语言的；两种语言的;;,She works as a bilingual secretary for an insurance company.;;她在一家保险公司担任双语秘书。;;a bilingual dictionary;;双语词典;;,/baɪˈlɪŋ.ɡwəl/,https://dictionary.cambridge.org/media/english-chinese-simplified/uk_pron/u/ukb/ukbif/ukbiff_030.mp3
booklet,noun;;,小册子;;,,/ˈbʊk.lət/,https://dictionary.cambridge.org/media/english-chinese-simplified/uk_pron/u/ukb/ukboo/ukbookb012.mp3
boost,verb;;noun;;,改善；提高；增强；推动;;改善；提高；增强；推动;;,The theatre managed to boost its audiences by cutting ticket prices.;;剧院设法通过降低票价来增加观众数量。;;Share prices were boosted by reports of the president's recovery.;;总统康复的报道推动股票价格上扬。;;I tried to boost his ego (= make him feel more confident) by praising his cooking.;;我赞扬他的厨艺，试图以此增强他的自信心。;;The lowering of interest rates will give a much-needed boost to the economy.;;利率的下调将会给经济注入急需的推动力。;;Passing my driving test was such a boost to my confidence.;;通过了驾照考试使我自信心大增。;;,/buːst/,https://dictionary.cambridge.org/media/english-chinese-simplified/uk_pron/u/ukb/ukboo/ukboomi007.mp3
boredom,noun;;,厌烦；厌倦；乏味；无聊;;,They started quarrelling out of sheer boredom.;;他们开始吵架完全是出于无聊。;;,/ˈbɔː.dəm/,https://dictionary.cambridge.org/media/english-chinese-simplified/uk_pron/u/ukb/ukboo/ukboomi028.mp3
branch,noun;;verb;;,分支机构;分部;分行;分店;;树枝;;支流;岔路;;一部分;支族，旁系;;（血管）分枝;;出枝；发出新枝;;分岔，岔开;;,"Immunology is a branch of biological science.;;免疫学是生物科学的一个分支。;;One branch of their family (= one group of relatives) emigrated to Brazil.;;他们家族的一支移居到了巴西。;;In the US, the president is part of the executive branch of the government.;;在美国，总统是政府行政分支的一部分。;;I used to work in the local branch of a large bank.;;我曾在一家大型银行设在当地的分行工作。;;She's a branch manager.;;她是个分部经理。;;Take the forms into your local branch office.;;把这些表格带到你们的地方分部。;;bare/leafy/flowering branches;;光秃秃／叶子茂密／开满花的树枝;;The fruit on the lower branches was protected from the sun.;;下边树枝上的果子见不到阳光。;;Watch out for overhanging branches.;;小心下垂的树枝。;;This branch of the river eventually empties into the Atlantic.;;大河的这条支流最终注入大西洋。;;The top of the tree had been cut off to encourage it to branch (out) lower down.;;树冠已被砍去，目的是为了促使它从下面抽出新枝。;;The road branches at the bottom of the hill.;;公路在山脚下分岔。;;",/brɑːntʃ/,https://dictionary.cambridge.org/media/english-chinese-simplified/uk_pron/u/ukb/ukbra/ukbrain009.mp3
branding,noun;;,品牌化;;,The successful branding and marketing of the new beer has already boosted sales and increased profits.;;对这种新啤酒的成功品牌化和市场营销已经促进了销售，其利润也有所增加。;;,/ˈbræn.dɪŋ/,https://dictionary.cambridge.org/media/english-chinese-simplified/uk_pron/u/ukb/ukbra/ukbrain012.mp3
breed,noun;;verb;;,（人的）类型，种类;;（动植物的）品种，种;;（动物）交配繁殖;;（为育种目的）饲养;;招致，导致;;,"Terriers are bred for their fighting instincts.;;交配繁殖梗狗是为了保持它们好斗的本性。;;His main income comes from breeding cattle.;;他的主要收入来自养牛。;;The blackbird, like most birds, breeds in the spring.;;乌鸫和大多数鸟一样是在春天繁殖。;;Favouritism breeds resentment.;;偏袒招致怨恨。;;a breed of dog/cat/horse/sheep/cattle;;某个品种的狗／猫／马／羊／牛;;What's your favourite breed of dog/dog breed?;;你最喜欢哪种狗？;;Arletty was that rare breed of actress - beautiful, sexy and funny.;;阿列蒂是那种少见的女演员——漂亮、性感、幽默。;;A new breed of film-maker has taken over Hollywood.;;新一代电影导演在好莱坞占据了主导地位。;;Authentic blues singers are a dying breed (= becoming rare) these days.;;正宗的蓝调歌手近来很少见。;;",/briːd/,https://dictionary.cambridge.org/media/english-chinese-simplified/uk_pron/u/ukb/ukbre/ukbreak023.mp3
brilliant,adjective;;,颇有才气的，聪颖的;技艺高超的;;光明的，明亮的;（颜色）鲜艳的;;非常好的，出色的;;,"Her mother was a brilliant scientist.;;她母亲是一位才华横溢的科学家。;;He gave a brilliant performance.;;他的表演非常出色。;;The idea was quite brilliant.;;这个想法太高明了。;;She seemed to have a brilliant career ahead of her (= was likely to be extremely successful).;;她似乎前途灿烂。;;The sky was a brilliant, cloudless blue.;;天空晴朗无云，一片蔚蓝。;;I was dazzled by a brilliant light.;;明亮的灯光晃花了我的眼睛。;;""Did you like the film?"" ""I thought it was brilliant."";;“你喜欢这部电影吗?”“我觉得它非常棒。”;;She's got a brilliant sense of humour.;;她极富幽默感。;;Oh, brilliant! My parcel's arrived.;;噢，太棒了！我的包裹到了。;;",/ˈbrɪl.jənt/,https://dictionary.cambridge.org/media/english-chinese-simplified/uk_pron/u/ukb/ukbri/ukbriga012.mp3
brochure,noun;;,小册子;资料（或广告）手册;;,,/ˈbrəʊ.ʃər/,https://dictionary.cambridge.org/media/english-chinese-simplified/uk_pron/u/ukb/ukbri/ukbrit_025.mp3
bubble,noun;;verb;;,冒泡;;泡;气泡;泡沫;;经济泡沫;;舒适圈;;,"As water begins to boil, bubbles rise to the surface.;;水开了，气泡升向水面。;;I love champagne - I think it's the bubbles that make it so good.;;我喜欢香槟——我觉得它的美妙之处在于它的气泡。;;Japan's economic bubble;;日本的经济泡沫;;the housing bubble;;房地产泡沫;;He made millions before the dotcom bubble burst.;;在互联网泡沫破碎之前他赚了几百万。;;The candidate liked to talk to ordinary people to get a fix on what was happening outside his bubble. ;;这位候选人喜欢与老百姓交谈，以了解他生活圈外所发生的事情。;;On social media we all tend to live in our bubbles, where everyone feels the same way we do.;;在社交媒体上，我们都喜于处在与自己同声共气的舒适圈中。;;We could hear the soup bubbling away (= bubbling strongly) in the pot.;;我们能听见罐子里的汤咕嘟咕嘟的冒泡声。;;",/ˈbʌb.əl/,https://dictionary.cambridge.org/media/english-chinese-simplified/uk_pron/u/ukb/ukbru/ukbrusq017.mp3
budget,noun;;verb;;adjective;;noun;;,预算;;预算费;;制订预算，计划（开支）;;低廉的;;（政府的）预算案，年度预算;;,The firm has drawn up a budget for the coming financial year.;;公司草拟了下一财政年度的预算方案。;;Libraries are finding it increasingly difficult to remain within (their) budget.;;图书馆感到想把支出维持在预算之内越来越难。;;an annual budget of £40 million;;每年4000万英镑的预算;;An extra $20 million has been budgeted for schools this year.;;今年学校预算增加了2000万英镑。;;a budget holiday/hotel/price;;廉价旅行度假／廉价宾馆／低廉的价格;;,/ˈbʌdʒ.ɪt/,https://dictionary.cambridge.org/media/english-chinese-simplified/uk_pron/u/ukb/ukbud/ukbuddh007.mp3
bully,verb;;noun;;,恃强凌弱者，以大欺小者;;伤害;胁迫;欺负，欺凌;;,You're just a big bully!;;你欺负人！;;Teachers usually know who the bullies are in a class.;;教师通常知道班上的恶霸学生都是谁。;;Our survey indicates that one in four children is bullied at school.;;我们的调查表明，有四分之一的孩子在学校受人欺负。;;Don't let anyone bully you into doing something you don't want to do.;;别让任何人胁迫你做你不愿做的事情。;;,/ˈbʊl.i/,https://dictionary.cambridge.org/media/english-chinese-simplified/uk_pron/u/ukb/ukbul/ukbulbo030.mp3
burial,noun;;,埋葬;葬礼;;,We went back to Ireland for my uncle's burial.;;我们回到爱尔兰参加叔叔的葬礼。;;,/ˈber.i.əl/,https://dictionary.cambridge.org/media/english-chinese-simplified/uk_pron/u/ukb/ukbun/ukbunny026.mp3
burst,verb;;noun;;,（使）迸裂；（使）爆炸;;（心中）充满；心情迫切;;突然着火;;爆裂;;（尤指短期的）突然增加;迸发;;,"I hate it when balloons burst.;;我讨厌气球突然破的时候。;;Suddenly the door burst open (= opened suddenly and forcefully) and police officers rushed in.;;门突然被撞开了，警察冲了进来。;;The river was threatening to burst its banks.;;河流有决口的危险。;;If I eat any more cake I'll burst (= I cannot eat anything else)!;;我再吃蛋糕肚皮就会胀破的！;;I knew they were bursting with curiosity but I said nothing.;;我知道他们充满了好奇，但我什么也没说。;;Tom was bursting to tell everyone the news.;;汤姆迫不及待地想把消息告诉每个人。;;I'm bursting to go to the loo!;;我急着想上厕所！;;Smoke started pouring out from underneath, then the truck burst into flames.;;烟开始从下面冒了出来，接着卡车便着火了。;;a burst in the water pipe;;水管爆裂;;a burst of speed/applause/laughter;;突然的加速／一阵掌声／一阵大笑;;",/bɜːst/,https://dictionary.cambridge.org/media/english-chinese-simplified/uk_pron/u/ukb/ukbur/ukburle019.mp3
calendar,noun;;,日历;;日历本;;历法;;大事记;年历;重大事件一览表;;,An old calendar for 2012 was still hanging on the wall of her office.;;她办公室墙上依然挂着2012年的日历。;;He wrote the date of the meeting in his calendar.;;他在日历本上写下了会议日期。;;the Christian/Jewish/Chinese calendar;;基督教／犹太教／中国历法;;the political/school calendar;;政治／学校日程表;;,/ˈkæl.ən.dər/,https://dictionary.cambridge.org/media/english-chinese-simplified/uk_pron/u/ukc/ukcaj/ukcajun020.mp3
campaign,noun;;verb;;,（尤指政治、商业或军事的）专项活动，运动;;战役，作战;;从事活动；开展运动；发起运动;;,The protests were part of their campaign against the proposed building development in the area.;;他们反对在该地区进行房地产开发，抗议其反对运动的一部分。;;This is the latest act of terrorism in a long-standing and bloody campaign of violence.;;这是旷日持久的血腥暴力运动中最新的一次恐怖活动。;;The endless public appearances are an inevitable part of an election campaign.;;没完没了的公开露面是竞选活动不可避免的组成部分。;;She's the campaign organizer for the Labour Party.;;她是工党的竞选组织者。;;The government have just launched (= begun) their annual Christmas campaign to stop drunken driving.;;政府刚刚展开其一年一度的制止酒后驾车的圣诞专项活动。;;a controversial new advertising campaign;;备受争议的一则新广告的宣传活动;;a bombing campaign;;轰炸行动;;They've been campaigning for years to get him out of prison.;;多年来为了让他出狱他们一直在积极活动。;;He's spending a lot of his time at the moment campaigning for/on behalf of the Conservative Party.;;他目前将大量时间用于为／代表保守党奔走游说。;;They're busy campaigning against the building of a new motorway near here.;;他们正积极行动，反对在附近新建高速公路。;;,/kæmˈpeɪn/,https://dictionary.cambridge.org/media/english-chinese-simplified/uk_pron/u/ukc/ukcam/ukcambo019.mp3
canal,noun;;,运河;渠;;管，道;;,"The Panama Canal provides a crucial shipping link between the Atlantic and Pacific oceans.;;巴拿马运河是连接大西洋和太平洋至关重要的航道。;;The alimentary canal is the path by which food enters the body, and solid waste is passed out.;;消化道是食物进入身体，固体废物排出身体的通道。;;",/kəˈnæl/,https://dictionary.cambridge.org/media/english-chinese-simplified/uk_pron/u/ukc/ukcam/ukcamsh005.mp3
capable,adjective;;suffix;;,有能力的；熟练的；能干的;;有能力做…；能做…;;可…的，有…能力的（加在名次后形成形容词）;;,"She's a very capable woman/worker/judge.;;她是个很能干的女人／很熟练的工人／能力很强的法官。;;We need to get an assistant who's capable and efficient.;;我们需要一个能力强、效率高的助理。;;Only the Democratic Party is capable of running the country.;;只有民主党才有能力治理这个国家。;;A force ten wind is capable of blowing the roofs off houses.;;10级的大风能吹走屋顶。;;When she's drunk she's capable of saying (= likely to say) awful, rude things.;;她喝醉后会说些难听粗鲁的话。;;I think your plan is capable of being (= could be) improved.;;我认为你的计划还可以改进。;;These are nuclear-capable aircraft (= they can carry nuclear weapons).;;这些飞机可载核武器。;;",/ˈkeɪ.pə.bəl/,https://dictionary.cambridge.org/media/english-chinese-simplified/uk_pron/u/ukc/ukcan/ukcant_017.mp3
capacity,noun;;,容积，容量;生产能力;（尤指某人或某组织的）办事能力;;职位;工作;角色;;,"The stadium has a seating capacity of 50,000.;;这个体育场能容纳5万人。;;The game was watched by a capacity crowd/audience of 50,000 (= the place was completely full).;;比赛场座无虚席，5万观众观看了比赛。;;She has a great capacity for hard work.;;她特别能吃苦耐劳。;;The purchase of 500 tanks is part of a strategy to increase military capacity by 25 percent over the next five years.;;购买500辆坦克是在今后5年里将军事力量增加25%的战略计划的一部分。;;It seems to be beyond his capacity to (= he seems to be unable to) follow simple instructions.;;他好像连简单的指令也听不懂。;;Do you think it's within his capacity to (= do you think he'll be able to) do the job without making a mess of it?;;你认为他有能力完成这项工作而不把它搞砸吗？;;The generators each have a capacity of (= can produce) 1,000 kilowatts.;;每台发电机都有1000千瓦的发电能力。;;The larger cars have bigger capacity engines (= the engines are bigger and more powerful).;;大轿车引擎功率也比较大。;;All our factories are working at (full) capacity (= are producing goods as fast as possible).;;我们所有的工厂都在满负荷运行。;;We are running below capacity (= not producing as many goods as we are able to) because of cancelled orders.;;因为订单取消，我们的工厂开工不足。;;He suffered a stroke in 2008, which left him unable to speak, but his mental capacity (= his ability to think and remember) wasn't affected.;;2008年他得了中风，不能说话了，但是思维能力没有受影响。;;She guides tourists at the Martin Luther King Jr. Birth Home in her capacity as a National Park Service ranger.;;作为国家公园管理局的管理员，她陪同游客参观马丁·路德·金的出生地。;;She was speaking in her capacity as a novelist, rather than as a television presenter.;;她是作为小说家而不是电视节目主持人在发言。;;",/kəˈpæs.ə.ti/,https://dictionary.cambridge.org/media/english-chinese-simplified/uk_pron/u/ukc/ukcan/ukcant_021.mp3
capture,verb;;,赢得;获得，取得;;俘虏;俘获;（尤指用武力）夺取;;（用文字或图象）表现，描绘，刻画;;拍摄，摄制;;（计算机等）采集，储存（信息）;;唤起（想象）；引起（关注）;;,Two of the soldiers were killed and the rest were captured.;;两名士兵被杀，其余被俘。;;Rebel forces captured the city after a week-long battle.;;叛军经过一周的战斗攻取了该市。;;The Democratic Party captured 70 percent of the vote.;;民主党获得了70%的选票。;;It would be impossible to capture her beauty in a painting.;;她的美无法用画笔描绘。;;A passer-by captured the whole incident on film.;;一位路人拍摄下了事件的全过程。;;The American drive to land a man on the Moon captured the imagination/attention of the whole world.;;美国的载人登月行动引起了全世界的遐想／关注。;;,/ˈkæp.tʃər/,https://dictionary.cambridge.org/media/english-chinese-simplified/uk_pron/u/ukc/ukcap/ukcapit026.mp3
cargo,noun;;,（轮船、飞机等大型交通工具装载的）货物;;,a cargo ship/plane;;货船／货运飞机;;The ship was carrying a cargo of wood.;;这艘船正在运送一批木材。;;,/ˈkɑː.ɡəʊ/,https://dictionary.cambridge.org/media/english-chinese-simplified/uk_pron/u/ukc/ukcar/ukcardi028.mp3
carve,verb;;,（尤指在石头或木头上）雕刻;;把（熟肉）切成小片;;,"This totem pole is carved from/out of a single tree trunk.;;这根图腾柱是由一整根树干雕刻而成的。;;He carved her name on a tree.;;他将她的名字刻在了树上。;;Some of the tunnels in the cliff are natural, some were carved out (= cut into the rock) by soldiers for defensive purposes.;;峭壁中的一些隧道是天然形成的，一些是士兵们在石头上开凿出来用于防御的。;;Would you like me to carve (the chicken)?;;您要我（把鸡肉）切成小块吗？;;",/kɑːv/,https://dictionary.cambridge.org/media/english-chinese-simplified/uk_pron/u/ukc/ukcal/ukcalip022.mp3
cast,verb;;noun;;,使对…产生怀疑;;扔;投;抛;掷;;（一部电影、戏剧或演出的）全体演员;;铸件，铸造品;;石膏绷带，石膏夹;;打着石膏;;分配…扮演（某角色），为…选派演员;;把（光或阴影）投向;投射;;使更易理解;有助于说明;;看一眼（瞅一眼，冲…一笑等）;;迅速地看;匆匆浏览;;（钓鱼时）抛，扔（渔线）;撒（网）;;诽谤;诋毁;;回想;追忆;;投票;;（用熔化的金属等）浇铸，铸造;;施魔法，念咒语;使…入魔;;（蛇）蜕（皮）;;,"After the final performance the director threw a party for the cast.;;最后一场演出过后，导演为全体演员举办了一场聚会。;;Part of the movie's success lies in the strength of the supporting cast (= the actors who were not playing the main parts).;;影片的成功部分归功于强大的配角阵容。;;My leg was in a cast for about six weeks.;;我的腿打了6周左右的石膏。;;He was often cast as the villain.;;他经常演反面角色。;;In her latest movie she was cast against type (= played a different character than the one she usually played or might be expected to play).;;在最近拍的电影中，她改变了戏路。;;They like to cast the opposing political party as (= to say that they are) the party of high taxes.;;他们喜欢把敌对政党说成是征收高额税收的政党。;;The moon cast a white light into the room.;;皎洁的月光洒进房间里。;;The tree cast a shadow over/on his face.;;树影投在他的脸上。;;Her arrival cast a shadow over/on the party (= made it less pleasant).;;她的到场给聚会投上了一丝阴影。;;The discovery of the dinosaur skeleton has cast light on why they became extinct.;;恐龙骨架的发现使人们对于恐龙灭绝的原因有了一些认识。;;She cast a quick look in the rear mirror.;;她迅速看了一眼后视镜。;;Could you cast an eye over this report for me?;;你能帮我看一眼这份报告吗？;;The knight cast the sword far out into the lake.;;骑士将剑远远地扔进湖中。;;He cast the line to the middle of the river.;;他把渔线抛向河中央。;;New evidence has cast doubt on the guilty verdict.;;新的证据让人们对判罚有罪的裁决产生了怀疑。;;His opponents cast aspersions on his patriotism.;;反对者诋毁他的爱国精神。;;If you cast your mind back, you might recall that I never promised to go.;;回想一下，你或许会记得我从未答应过要去。;;All the votes in the election have now been cast and the counting has begun.;;这次选举的投票现已全部结束，计票工作已经开始。;;The old woman cast a spell on the prince and he turned into a frog.;;老太婆对王子施了魔法，他变成了一只青蛙。;;When I was 17, jazz cast its spell on me (= I started to like it very much).;;我17岁的时候对爵士乐着了迷。;;",/kɑːst/,https://dictionary.cambridge.org/media/english-chinese-simplified/uk_pron/u/ukc/ukcar/ukcartr026.mp3
casual,adjective;;,不经意的，随意的；碰巧的;;不固定的;不定期的;临时的;;不在意的;不放在心上的;漫不经心的;;（衣服）休闲的;便装的;;,"casual clothes;;休闲服;;The psychologist's attitude seemed far too casual, even brutal.;;那个心理学家的态度似乎太过冷淡了，甚至有些冷酷。;;Security around the conference hotel seemed almost casual.;;举行会议的酒店周围的安全措施似乎不太严格。;;Although close to tears, she tried to make her voice sound casual.;;尽管都快掉眼泪了，可她还是尽力使自己的声音听上去满不在乎。;;casual labour/labourers/workers;;零工／临时工;;casual sex;;随便的性关系;;It was just a casual comment, I didn't mean it to be taken so seriously.;;我只是随便说说而已，不是当真的。;;To a casual observer, everything might appear normal.;;对于一个漫不经心的人来说，也许看上去一切正常。;;",/ˈkæʒ.u.əl/,https://dictionary.cambridge.org/media/english-chinese-simplified/uk_pron/u/ukc/ukcas/ukcaste007.mp3
categorise,verb;;,对…进行分类，将…归类;;,The books are categorized into beginner and advanced.;;这些书分为入门级和高级。;;I would categorize this as a very early example of Tudor art.;;我觉得应该把它归类为都铎式艺术的早期作品。;;,/ˈkæt.ə.ɡər.aɪz/,https://dictionary.cambridge.org/media/english-chinese-simplified/uk_pron/u/ukc/ukcat/ukcatch010.mp3
cater,verb;;,提供饮食;承办（宴席）;;,I'm catering for twelve on Sunday - the whole family is coming.;;星期天我要招待12个人，全家都要来。;;Which firm will be catering at the wedding reception?;;将由哪家公司承办婚宴？;;Who catered your party?;;你们的聚会是谁承办的？;;,/ˈkeɪ.tər/,https://dictionary.cambridge.org/media/english-chinese-simplified/uk_pron/u/ukc/ukcat/ukcatch012.mp3
celebration,noun;;,庆祝活动;庆祝会;;庆祝，庆贺；祝贺;;,There were lively New Year celebrations all over town.;;全城到处是喜迎新年的活动。;;Such good news calls for (= deserves) a celebration!;;这样的好消息可喜可贺！;;Let's buy some champagne in celebration of her safe arrival.;;我们买点香槟酒庆祝她平安到达吧。;;,/ˌsel.əˈbreɪ.ʃən/,https://dictionary.cambridge.org/media/english-chinese-simplified/uk_pron/u/ukc/ukcel/ukceleb003.mp3
cereal,noun;;,谷类植物，谷物;;（尤指早晨加牛奶食用的）谷类食物;;,cereal crops;;谷类作物;;breakfast cereals;;早餐麦片;;,/ˈsɪə.ri.əl/,https://dictionary.cambridge.org/media/english-chinese-simplified/uk_pron/u/ukc/ukcen/ukcensu029.mp3
character,noun;;,（电影、戏剧或故事中的）人物，角色;;性格，个性；特征;;（书写或印刷的）字母，字（或数字、标记、符号）;字符;;风格，特色，特点;;勇气；坚强性格;;（尤指具有某一特点的）人;;与众不同的人；（尤指）有趣的人，好玩的人;;,"Politeness is traditionally part of the British character.;;待人礼貌客气历来是英国人性格的一部分。;;It would be very out of character (= not typical) of her to lie.;;撒谎可不符合她的个性。;;One of the joys of being a parent is watching the child's character develop.;;为人父母的一大乐趣就是观察孩子的性格发展。;;The idea was to modernize various aspects of the house without changing its essential character.;;这个设想就是使房子各方面现代化而不改变它的基本特征。;;It's not in his character to be (= he is not usually) jealous.;;他不是个爱嫉妒的人。;;a hotel of character;;独具特色的酒店;;I'd prefer an old place with a bit of character.;;我偏爱有特色的老地方。;;Old books are said to give a room character.;;据说旧书能使房间别具一格。;;As people grow older, their faces acquire more character.;;随着年龄的增长，人的脸会越来越具有个性。;;She has such strength of character.;;她个性很强。;;The film revolves around three main characters.;;电影围绕3位主角展开。;;She had Mickey Mouse or some other cartoon/Disney character on her sweater.;;她的毛衣上有米老鼠或另外其他的卡通／迪斯尼人物的图案。;;He made his name as a character actor (= an actor who plays unusual and often humorous people).;;他以性格演员著称。;;She's a curious character - I don't really know what to think of her.;;她真是个怪人——我真不知道该怎样评价她。;;There were one or two strange-looking characters hanging around the bar.;;有一两个样子奇怪的人在酒吧里转来转去。;;Ted's quite a character/a real character - he's 70 now and still riding that motorbike.;;特德真是个有趣的人——现在都70岁了，还骑着那辆摩托车。;;a string of characters (= a line of marks);;一串符号;;The address was written in Chinese/Japanese characters (= systems of writing).;;地址是用汉字／日文写的。;;The computer screen on this laptop is 66 characters (= spaces) wide.;;这台笔记本电脑的屏幕有66个字符宽。;;",/ˈkær.ək.tər/,https://dictionary.cambridge.org/media/english-chinese-simplified/uk_pron/u/ukc/ukcha/ukchaot021.mp3
charity,noun;;,慈善事业；慈善组织，慈善机构;;仁慈，宽容，友善;;,"She does a lot of work for charity.;;她做了很多慈善工作。;;People tend to give to (= give money to) charity at Christmas time.;;人们往往在圣诞节向慈善组织捐钱。;;Proceeds from the sale of these cards will go to (= be given to) local charities.;;卖这些贺卡所得的收益将捐献给地方慈善组织。;;UNICEF is an international charity.;;联合国儿童基金会是国际性慈善组织。;;They did a charity performance on the first night, to raise money for AIDS research.;;他们的首晚演出是慈善义演，为艾滋病研究募集资金。;;",/ˈtʃær.ə.ti/,https://dictionary.cambridge.org/media/english-chinese-simplified/uk_pron/u/ukc/ukcha/ukcharg012.mp3
chase,verb;;noun;;,追赶，追逐;追捕;;跑来跑去;匆忙赶往;;追求，努力争取;;追求，向…求爱;;驱逐;赶走，撵走;;追赶，追逐;追捕;;,"The police car was going so fast, it must have been chasing someone.;;警车开得这么快，一定是在追捕什么人。;;She was chasing (after) a man who had snatched her bag.;;她在追赶一个抢走她包的男子。;;She couldn't study with the children chasing around the house.;;孩子们在房子里跑来跑去，她没法学习。;;It's depressing how many people there are chasing so few jobs.;;这么多人在争夺这么少的几份工作，真是让人沮丧。;;After years of chasing her dreams, she finally got a part in a film.;;追逐自己的梦想这么多年，她终于在一部电影中得到了一个角色。;;She's always chasing (after) men.;;她总是追求男人。;;He used to chase the children away from his apple trees.;;他过去常把孩子们从他的苹果树旁赶走。;;She's always chasing cats out of the garden to protect her precious birds.;;她总是把猫赶出花园，以保护她那些珍贵的小鸟。;;a tedious movie with endless car/police chases;;充斥着没完没了追车／警察追捕场面的乏味电影;;",/tʃeɪs/,https://dictionary.cambridge.org/media/english-chinese-simplified/uk_pron/u/ukc/ukcha/ukchary002.mp3
chronic,adjective;;,（尤指疾病或不好的事物）慢性的，长期的;;很糟的，很不好的;;,chronic diseases/conditions;;慢性病;;chronic arthritis/pain;;慢性关节炎／长期的疼痛;;a chronic invalid;;长期病号;;There is a chronic shortage of teachers.;;教师长期短缺。;;The acting was chronic.;;表演很糟糕。;;,/ˈkrɒn.ɪk/,https://dictionary.cambridge.org/media/english-chinese-simplified/uk_pron/u/ukc/ukcho/ukchora029.mp3
circumstance,noun;;,条件，情况；情形，形势;;经济状况;;无法控制的因素；客观环境；命运;;,I think she coped very well under the circumstances.;;我觉得在那种情况下她处理得很不错。;;Obviously we can't deal with the problem until we know all the circumstances.;;显然，我们只有了解全部情况后才能处理这问题。;;She died in suspicious circumstances.;;她死得很蹊跷。;;We oppose capital punishment in/under any circumstances.;;无论在什么情况下，我们都不赞成死刑。;;Under no circumstances should you (= you should not) approach the man.;;你无论如何都不应该联系那个男人。;;The meeting has been cancelled due to circumstances beyond our control.;;会议因不可控情况的出现而被取消了。;;They were victims of circumstance.;;他们是客观环境的牺牲品。;;We were obliged to go by force of circumstance.;;形势所迫，我们不得不走。;;Grants are available depending on your circumstances.;;视经济状况，符合条件可获得助学金。;;By now she was alone and living in reduced circumstances (= with little money).;;现在她孤单一人，生活拮据。;;,/ˈsɜː.kəm.stɑːns/,https://dictionary.cambridge.org/media/english-chinese-simplified/uk_pron/u/ukc/ukcin/ukcinna026.mp3
circuit,noun;;,环行物;（尤指）环形道路（或路线、赛道）;;（电流的）电路;（液体的）回路;;巡回;巡游;巡回之地;;巡回审判区;;,They first met each other on the tennis circuit (= while at different tennis competitions).;;他们在网球巡回赛上首次交锋。;;He was a familiar figure on the lecture circuit.;;他是巡回讲学中的座上常客。;;The judge had served for many years on the northeastern Circuit.;;这位法官多年来供职于东北部巡回法庭。;;a circuit judge;;巡回法官;;They test the car tyres on a motor racing circuit.;;他们在环形赛车道上测试轮胎。;;We made a leisurely circuit of the city walls.;;我们悠闲地围着城墙转悠。;;A defect was found in the water-cooling/electrical circuit.;;在水冷回路／电路中发现了一点毛病。;;,/ˈsɜː.kɪt/,https://dictionary.cambridge.org/media/english-chinese-simplified/uk_pron/u/ukc/ukcin/ukcinna005.mp3
circus,noun;;,马戏团;马戏演员;马戏表演;;闹哄哄的情形;热闹的场面;;（数条道路交汇的）圆形广场;;,"She ran away to join the circus.;;她离家出走加入了马戏团。;;The horses trotted into the circus ring (= the large circle, with seats all around, in which a circus performs).;;马小跑着进入圆形马戏场。;;The children loved being taken to the circus.;;孩子们喜欢大人带他们去看马戏表演。;;the media circus surrounding the case;;围绕这案子沸沸扬扬的媒体报道;;Piccadilly Circus;;皮卡迪利广场;;Oxford Circus;;牛津广场;;",/ˈsɜː.kəs/,https://dictionary.cambridge.org/media/english-chinese-simplified/uk_pron/u/ukc/ukcin/ukcinna030.mp3
cite,verb;;,引用，引述;;举例，引证;;援引;传唤，传讯;;（军队中公开）嘉奖，表彰，表扬;;,She cited three reasons why people get into debt.;;她举出了人们为何负债的3个原因。;;The company cited a 13 percent decline in new orders as evidence that overall demand for its products was falling.;;公司举出新订单减少13%这一事实，以此来证明对其产品的总需求在下降。;;She cites both T.S. Eliot and Virginia Woolf in her article.;;她在文章中引用了T.S.艾略特和弗吉尼娅•吴尔夫的作品。;;The lawyer cited two similar cases.;;律师援引了两个类似的案例。;;He has been cited as the co-respondent in the divorce case.;;他作为这起离婚案的共同被告被传讯。;;He was cited for bravery.;;他因为勇敢而受到嘉奖。;;,/saɪt/,https://dictionary.cambridge.org/media/english-chinese-simplified/uk_pron/u/ukc/ukcir/ukcirrh008.mp3
civil,adjective;;,文职的;民用的;平民的，国民的;;民事的;;有礼貌的;文明的;客气的;;,"Helicopters are mainly used for military rather than civil use.;;直升机主要用于军事而非民用。;;After ten years of military dictatorship, the country now has a civil government.;;经历了10年军事专制统治后，该国现在有了一个文官政府。;;We weren't married in church, but we had a civil ceremony in a registry office.;;我们没在教堂结婚，不过在婚姻登记处举行了个世俗仪式。;;The matter would be better dealt with in the civil court rather than by an expensive criminal proceeding.;;这事最好在民事法庭处理，而不要进行昂贵的刑事诉讼。;;His manner was civil, though not particularly friendly.;;他的态度很客气，尽管不是特别友好。;;",/ˈsɪv.əl/,https://dictionary.cambridge.org/media/english-chinese-simplified/uk_pron/u/ukc/ukcir/ukcirrh021.mp3
click,noun;;verb;;,点击（鼠标）;;（使）发出短而尖的声音;（使）发出咔嗒声;;成为朋友;受欢迎;;突然明白;恍然大悟;;短而尖的声音;;（语音中的）咔嗒音;;点击（鼠标）;;一键之遥（指很容易从计算机、特别是互联网上获得）;;,"If you want to open a file, click twice on the icon for it.;;如果你想打开一个文件，双击该文件图标。;;When you have selected the file you want, click the ""Open"" box.;;选中了你想要的文件，用鼠标点击“打开”方框。;;The door clicked shut behind her.;;门在她身后咔嗒一声关上了。;;Can you hear that strange clicking noise?;;你能听到咔嗒咔嗒的怪声吗？;;Paul clicked his fingers (= moved his thumb against his middle finger to make a short sharp sound) to attract the waiter's attention.;;保罗打了个响指叫侍者。;;Soldiers click their heels (= bring them sharply together) when they stand to attention.;;士兵们立正时脚后跟咔嚓一声碰在一起。;;Liz and I really clicked the first time we met.;;莉兹和我一见如故。;;The new daytime soap opera has yet to show signs that it's clicking with the television audience.;;尚无迹象表明新日间肥皂剧受到电视观众的欢迎。;;Suddenly everything clicked and I realized where I'd met him.;;突然一切都清楚了，我意识到自己在哪里见过他了。;;As he talked about his schooldays, it suddenly clicked where I had met him before.;;当他谈起自己的学校生活时，我突然想起来我曾经在哪儿见过他了。;;So it's finally clicked that you're going to have to get yourself a job, has it?;;所以，你最后终于明白你必须给自己找份工作，是吗？;;In the last act of the play, everything clicks into place.;;在戏的最后一幕，一切都真相大白了。;;The soldier gave a click of his heels as he saluted.;;士兵敬礼的时候脚后跟咔嚓一声并拢。;;Clicks are found in several southern African languages.;;咔嗒音可以在几种南部非洲语言中听到。;;All reference materials are just a click away in the computer databases.;;所有的参考资料都在计算机数据库中，不过一键之遥。;;",/klɪk/,https://dictionary.cambridge.org/media/english-chinese-simplified/uk_pron/u/ukc/ukcle/ukclear025.mp3
clue,noun;;,线索;迹象;提示;;,Police are still looking for clues in their search for the missing girl.;;警方仍在寻找失踪女孩的线索。;;I'm never going to guess the answer if you don't give me a clue.;;要是你不给我一点提示，我永远也猜不到答案。;;,/kluː/,https://dictionary.cambridge.org/media/english-chinese-simplified/uk_pron/u/ukc/ukclo/ukclosu021.mp3
coconut,noun;;,椰子;;（常用于烹饪的）椰肉;;,grated/shredded coconut;;椰蓉／椰丝;;,/ˈkəʊ.kə.nʌt/,https://dictionary.cambridge.org/media/english-chinese-simplified/uk_pron/u/ukc/ukcoc/ukcocke013.mp3
code,noun;;verb;;,密码;代号;代码;;法典;法规;;行为准则;规范;规矩;;（DNA中遗传物质的）编码;;把…译成密码;用密码写;;,The message was written in code.;;电报是用密码写的。;;She managed to decipher/break/crack (= succeed in understanding) the code.;;她成功地破译了密码。;;Each entry in this dictionary has a grammar code.;;这本词典的每个词条都有一个语法标记。;;Clinics will be subject to a new code of conduct and stronger controls by local authorities.;;诊所将要遵守新的行业规范，并受到地方当局更有力的掌控。;;a moral code;;道德规范;;a code of behaviour/ethics;;行为／道德准则;;genetic codes;;基因编码;;,/kəʊd/,https://dictionary.cambridge.org/media/english-chinese-simplified/uk_pron/u/ukc/ukcoc/ukcocke019.mp3
